snid,z,mu,emu,x1,ex1,c,ec,salt3_cut,x1_des,c_des,mu_des,muerr_des,cm_mu,cm_emu,cm_mode,cm_failed,K_syst,mu_lcdm
1247420,0.15123,39.375923130523816,0.02,1.002489272541042,0.040783948335918724,-0.02737776984621787,0.0038301256370817218,,1.19981,-0.02758,39.18191,0.10248,,,,dm15_provenance,,39.2242
1249264,0.55081,43.0806162260991,0.10933394994684081,-0.18706260841332467,0.4125727295333941,-0.12118004168105545,0.01920271533957104,,-0.917499,-0.203229,42.65559,0.13092,42.6716,0.1857,S,,0.1274,42.453
1250017,0.18299,40.13821026076967,0.02,1.2081188107996432,0.06690002068536406,-0.08737050639420751,0.004267468733677695,,0.98829,-0.102435,39.8153,0.09717,,,Q,no_bracket,,39.6803
1250034,0.16167,39.65892677769705,0.02,-0.5771344119948099,0.07727933455453705,-0.004292002578357934,0.007094145262221203,,-0.602099,0.00763868,39.40043,0.10649,38.7977,0.1322,L,,0.1014,39.3832
1253119,0.3201,41.5166367310104,0.068364354757302,-0.4829514061006641,0.2727675186865707,-0.14407058508623105,0.01576996924400167,,-0.88266,-0.16628,41.11731,0.13077,,,,dm15_provenance,,41.0572
1253895,0.49331,42.66250979945464,0.07115845155988597,1.8025628333859665,0.32191744272894895,-0.10699576252884546,0.011663513808740271,,1.77615,0.0953874,41.89829,0.14609,,,R,no_bracket,,42.1649
1253920,0.19599,40.070201040309485,0.02,-1.1378042427991772,0.045746691017881376,-0.10079763397054542,0.004369662939987045,,-1.00253,-0.0824775,39.74864,0.108,39.8038,0.1263,S,,0.058,39.846
1254889,0.60613,43.116839511334774,0.06710539604052806,-0.35492311902783547,0.21035615046850328,-0.062640481392777,0.018346856990771893,,-0.558684,-0.0731532,42.81646,0.14019,42.8496,0.254,L,,0.0562,42.7046
1256680,0.29546,41.81767858387806,0.083497302238008,3.3213827472392,0.34547093167271703,-0.09360183787375964,0.019887802053691388,x1,-0.451661,0.039875,41.07496,0.18627,40.7451,0.3332,S,,0.1036,40.8561
1256701,0.43749,42.50940930388306,0.22192325772800678,0.3989428963134998,1.2930724605522101,0.0948801351479524,0.06356107279744923,,-0.915967,0.10176,42.28125,0.22732,,,R,no_bracket,,41.8537
1257695,0.18472,40.082474831047314,0.02,0.35346904915409283,0.04653280029303354,-0.1039424089182871,0.004215381051313564,,0.4761,-0.103429,39.78048,0.0965,39.8107,0.1403,S,,0.0338,39.7029
1259241,0.10582,38.48305312646204,0.02,-1.0477235636854942,0.038944116449695275,0.11326442184892216,0.004937177529439049,,-1.20437,0.0760678,38.31943,0.14642,38.0011,0.1305,S,,0.0439,38.3853
1260159,0.43153,42.38481517825463,0.10291613748799898,-0.6674613312468516,0.568597167492733,-0.026206994420459317,0.028177080852832968,,-2.4662,-0.0171505,41.92619,0.20531,,,,dm15_provenance,,41.8183
1261193,0.19293,40.27972674028048,0.02084185388499262,0.7644094838408204,0.10278673058314536,0.11868621137653357,0.009343786450195598,,0.88588,0.12817,39.86546,0.21984,,,L,rms_gate,,39.8079
1261236,0.5985,42.66513329890025,0.08191054336821002,0.6805200117866379,0.310741912946673,0.1648020451041493,0.02632807267592111,,0.68721,0.17171,42.49326,0.20019,,,L,rms_gate,,42.6712
1262267,0.56332,42.32842885988683,0.5352497207312044,-0.7126076259325274,3.3075651688314247,0.11129257853147001,0.05527240331285751,,-2.38557,0.16636,42.18917,0.21088,,,,dm15_provenance,,42.5119
1265089,0.44588,42.17426825266993,0.10475472134314849,0.76806051565997,0.6082126366616649,-0.02810571404993706,0.032496512037392594,,1.00747,0.00608607,41.86658,0.16597,41.3269,0.1776,S,,0.1881,41.9028
1265134,0.47362,42.18152027466404,0.060637598920164244,0.5856080928228202,0.35169751826660683,0.004653771566092035,0.013557822599060642,,1.05627,0.0212499,41.99333,0.16449,,,,dm15_provenance,,42.0591
1265260,0.6044,42.50349489881423,0.17465411204248385,-1.3776017955192885,0.5613085182127058,0.2547359797099519,0.04721561718188261,,-2.0267,0.23305,42.50027,0.26288,,,,dm15_provenance,,42.6971
1266830,0.5717,42.32668494511004,0.22419248683091125,-0.08722318514719163,0.8902087073711245,0.12912858935435023,0.07754398118251492,,-0.0118094,0.17803,42.39987,0.16897,,,,dm15_provenance,,42.5507
1273127,0.19024,40.22914058515003,0.05276293115072127,-1.6534894384137568,0.3764044494916415,0.024902157521514146,0.015943523243913568,,-2.25372,-0.0185661,39.9733,0.12614,,,Q,no_bracket,,39.774
1275946,0.233,40.65013429638498,0.02,1.800199620270094,0.0890671174587265,-0.055419425067874006,0.004976703946116607,,1.83511,-0.0450527,40.32782,0.11634,,,L,rms_gate,,40.2677
1277173,0.15035,39.63595211934726,0.03122378352945351,-1.1643198899553178,0.1451818224870292,-0.07590166910092444,0.009733779957437303,,-1.16824,-0.0805097,39.34373,0.0985,39.3304,0.1591,S,,0.0578,39.2103
1279500,0.23568,40.69117346465183,0.02,0.7439689741612279,0.06874078904473171,-0.02698115926632516,0.003020029701918062,,0.87045,-0.0107071,40.35195,0.14154,,,L,rms_gate,,40.2957
1281119,0.19947,40.28908202550899,0.056977608781377954,0.04257610895265884,0.2711638431718642,0.21287797986228985,0.02346743293327609,,-0.111789,0.18489,40.11619,0.19924,39.6945,0.1489,L,,0.0819,39.8887
1281886,0.38493,41.97125378819473,0.07357195539799509,1.3562114646863934,0.3476553998092819,-0.05224212086877733,0.02206559042542334,,1.26982,0.018858,41.46707,0.18106,,,Q,no_bracket,,41.525
1283923,0.14715,39.625046747514745,0.02175792189292331,-1.9977295144833827,0.11426542987740786,0.15898958379227068,0.011270112014244953,,-2.52192,0.0951146,39.46035,0.15943,39.2391,0.1276,L,,0.0932,39.1593
1289346,0.453,42.55529205992538,0.05697675520789151,0.21137802904632608,0.23638059160637725,-0.27081564898172306,0.010409954553873856,,1.82664,0.24695,41.34949,0.21428,,,,dm15_provenance,,41.9437
1289982,0.11665,41.72603166095023,0.050730135085807565,0.5852345544366138,0.20690096103361294,0.21465039238769335,0.02216639138035121,,0.27959,0.1427,41.38301,0.20912,,,R,no_bracket,,38.6124
1290007,0.4317,42.14721606209365,0.07374150423254026,-0.2819304415694752,0.3281468117402547,0.054251651959167535,0.015028313111748527,,-0.317142,0.0753453,41.79286,0.22284,,,,dm15_provenance,,41.8193
1291090,0.29292,41.18285835995036,0.0310921379674104,1.180591697414422,0.13789939400743378,-0.07716640177946582,0.010731530901808582,,1.38213,-0.0662464,40.86884,0.12577,,,Q,no_bracket,,40.8345
1292560,0.22582,40.57596780580157,0.0203028138642771,0.36145477191187236,0.07968471314250487,-0.11940153909981371,0.0075203959848756,,0.52007,-0.114328,40.26777,0.09903,40.3284,0.12,L,,0.1077,40.1909
1292823,0.34672,41.63740291709958,0.026119354879963547,0.5197634171175327,0.1068913491306248,-0.030322307705978824,0.010310656756942158,,0.42139,-0.0327723,41.30887,0.12661,,,L,rms_gate,,41.259
1293046,0.60863,43.30693580171474,0.15867397985257978,-0.5657121063621187,0.7891521131709163,-0.08142793755473737,0.08673467453255845,,-1.23891,-0.136312,42.93457,0.19927,,,L,rms_gate,,42.7155
1293758,0.14896,39.59443247830957,0.02,-1.388146957570764,0.03172337530721471,-0.04641937272730501,0.0028207628175937615,,-1.64935,-0.0567402,39.29882,0.08534,,,Q,no_bracket,,39.1883
1293789,0.42914,42.274625227538145,0.04268512700529045,1.0303217407683967,0.15575521207023976,-0.13350809197718905,0.013227541745798072,,1.36549,-0.0597622,41.90901,0.12469,,,,dm15_provenance,,41.804
1294351,0.33926,41.68233905825525,0.07453391789329232,1.3050720004119425,0.3805806812199161,-0.02081838309266526,0.019406217026874797,,0.56213,-0.0466559,41.29239,0.14423,,,Q,no_bracket,,41.2039
1294436,0.17885,42.30580115839733,0.13147714967594343,3.9999996394432973,0.0008066577116233199,0.13361662905908112,0.05147486643219634,x1,-0.118582,0.0482209,41.63537,0.25939,40.5303,0.1632,S,,0.1075,39.6252
1295844,0.19294,41.20230097534797,0.03809698668109524,-1.674022195258026,0.16444036351388497,-0.03047173785008056,0.013320538027099987,,-1.15431,-0.0294134,40.96771,0.13424,,,R,no_bracket,,39.8081
1296321,0.18531,40.383681000649425,0.022962920530082493,0.5124999521307751,0.11117484505103455,0.08633384967211621,0.007145695637422579,,0.56552,0.0897274,40.03362,0.19652,40.2746,0.126,L,,0.0946,39.7106
1296657,0.14715,39.68264746551797,0.02,1.0054682880810004,0.06382752465152514,-0.013859202039032903,0.004227643460927388,,0.79735,0.011389,39.29023,0.13211,,,L,rms_gate,,39.1593
1296793,0.64526,43.15313030214159,0.38769580949765514,1.9471305755027597,2.2823685645401994,0.07936931380848644,0.08971044003081122,,-1.06719,0.0665249,42.96751,0.14889,,,,dm15_provenance,,42.8699
1298893,0.19712,40.25869881082079,0.0353664985693864,-2.053104149374635,0.11329027001368679,-0.025892231182509662,0.013781690573128816,,-2.88392,-0.0606103,39.9279,0.13755,39.9435,0.1298,S,,0.0763,39.86
1299775,0.16051,39.36642820145045,0.02,-0.25284606235424345,0.07133992377180838,0.18268999030359157,0.007037664898647241,,-0.0204858,0.19545,39.12071,0.18647,,,L,rms_gate,,39.366
1302915,0.36022,41.62120411764841,0.05667430619090572,-0.44867117735429973,0.27768191021113015,0.028921622332225505,0.01750106208075205,,-0.84899,0.00941831,41.38866,0.12823,40.7406,0.1476,L,,0.1452,41.3559
1303279,0.17315,39.62663701305007,0.02,0.19988137295121344,0.06865820821671179,-0.11363377598638519,0.005131580235847049,,0.19162,-0.0881208,39.29306,0.08337,39.7145,0.1239,L,,0.1531,39.5474
1303496,0.18021,39.91457857619443,0.021250007336503837,-0.049476565022654295,0.09562448077264021,0.08867129699296283,0.006176154250195795,,-0.109991,0.0871841,39.69446,0.15137,39.4688,0.1278,L,,0.0486,39.6434
1306059,0.6076,43.136065265504385,0.09858887001327099,-0.010952140812277023,0.3494961310951315,0.019449071260728867,0.036182805774853895,,-0.264543,0.00587559,42.86798,0.18412,42.435,0.1884,L,,0.0956,42.711
1306366,0.15145,39.97007794962166,0.02492587101969558,-0.4229763716885624,0.15168123154629104,0.21312135804214338,0.009630031181298798,,-0.45763,0.21242,39.60073,0.24715,,,R,no_bracket,,39.2277
1306423,0.44739,42.345222260922775,0.22174527296135607,0.8538628194502049,1.210093480928329,0.0305485260636556,0.06423990356936388,,-2.08271,-0.055948,41.87444,0.21323,41.6765,0.163,S,,0.1424,41.9115
1306991,0.42306,41.861064140925066,0.13520477064065672,0.12641831403049508,0.5020537729823471,-0.027931597408326514,0.037649085312697714,,-0.503917,-0.0988085,41.63381,0.16707,,,,dm15_provenance,,41.7673
1310396,0.32358,41.58512698612455,0.032696692238403484,0.266933482346416,0.15013076203194853,-0.14671400089000175,0.00798164145520384,,0.32612,-0.145043,41.21681,0.10543,41.2249,0.1376,L,,0.0891,41.0844
1311631,0.64177,43.32777363906677,0.3152875785549357,0.8221903621738065,1.5800407566481776,-0.029902440268219976,0.05606333498544699,,0.71985,-0.0881381,43.19782,0.17024,,,,window_empty,,42.8555
1312164,0.52438,43.0270898817942,0.24618196797940362,-0.02246089183119393,0.9639964346497264,-0.05349642943699584,0.07143150055248734,,-0.383649,-0.0783411,42.72466,0.31277,,,,window_empty,,42.3242
1312213,0.40797,42.15822160609254,0.19052692354819709,-1.2505050116322005,1.3813698337096616,0.1330990956824546,0.04526882765852571,,-2.15049,-0.0518599,42.23683,0.23673,,,,dm15_provenance,,41.6739
1315910,0.39468,42.48272042237038,0.1747101787064844,-0.12971179954145162,0.8007222470172954,0.1315697932312232,0.058189542149584855,,-0.982602,0.12947,42.25254,0.25435,42.0548,0.1982,S,,0.1291,41.589
1316385,0.14784,39.34244274617137,0.02,0.9819626712614618,0.019505393703762235,-0.0033072611211839575,0.001762911094582164,,1.06972,0.0234555,39.00672,0.13909,,,L,rms_gate,,39.1704
1317164,0.15555,39.39197070290351,0.024364339987959564,-2.4287986950014226,0.098375761705502,0.17706330241107116,0.010928835724875241,,-2.44449,0.1433,39.23567,0.17632,39.0161,0.1264,S,,0.0258,39.2912
1317612,0.10525,38.597994236492646,0.02,-0.9153871916544984,0.02447968631543314,0.05323711219214755,0.001991348252483294,,-1.2487,0.0315093,38.35683,0.12738,38.3299,0.1256,S,,0.0283,38.3728
1317666,0.14227,39.50268645508191,0.02,-0.25478710978555386,0.027245133927142253,0.08363748308307817,0.002728907895303699,,-0.283833,0.0595031,39.34775,0.14408,39.4356,0.1515,S,,0.04,39.0794
1318737,0.07451,37.736403817615766,0.02,-0.4207628239818013,0.03369758320255399,0.13262033065677314,0.002963614928900353,,-0.389992,0.21196,37.36177,0.18771,37.43,0.1399,S,,0.0204,37.5773
1319614,0.33972,41.47340649836449,0.08396425252063518,-0.9891967105986383,0.5567720842413578,0.30507910750848255,0.027196240752881653,c,-1.29081,0.28432,41.41143,0.21256,,,L,rms_gate,,41.2073
1321276,0.33227,41.67070963578172,0.03530622988409081,0.063233302114174,0.1690772031010487,-0.02274633381567459,0.011400664674942504,,-0.136078,-0.0339866,41.34494,0.12719,,,,dm15_provenance,,41.1513
1323349,0.5061,42.89309772749107,0.09818903978239127,0.09137397322003338,0.41759004087523705,-0.00912802772463378,0.03009906587121248,,-1.29064,0.0298229,42.41873,0.1769,,,,window_empty,,42.2316
1324685,0.54244,42.78616100066267,0.05784418614032958,-0.4215272748053156,0.316034608410052,-0.03844745392501392,0.011959947058240755,,-0.757565,-0.028093,42.45177,0.1366,,,Q,no_bracket,,42.4128
1324938,0.19933,41.369139183234424,8.287420578130524,3.883869180959394,62.713853740926425,-0.07704269620921889,0.3435425359448501,x1,-1.6373,0.0303361,40.74201,0.1952,,,,dm15_provenance,,39.887
1330031,0.10643,38.875842426207875,0.02,0.4164991184470397,0.0172123839977339,-0.1105981321292081,0.0017080765241741457,,0.37714,-0.107851,38.54264,0.08321,38.5472,0.1184,L,,0.0421,38.3987
1330817,0.27144,41.183082388786104,0.038133065916807214,-1.0062006674134283,0.20486530836766986,-0.0262273981128327,0.010829830425735407,,-1.43491,-0.0513795,40.90091,0.11152,40.9764,0.1528,S,,0.0662,40.6447
1331123,0.22248,40.549119026800795,0.025148952226180202,-1.561944153862326,0.11931357129165482,0.008961970054915669,0.009859489584995001,,-1.82681,-0.0115399,40.28881,0.11142,40.1122,0.1276,L,,0.0333,40.1545
1332392,0.51318,43.62133386587804,0.20182181526328383,3.999999616608614,0.0004543801894136788,-0.021348827380874902,0.07352132414754642,x1,-0.875846,0.11037,42.50087,0.19912,39.8642,1.603,S,,0.3448,42.2679
1332721,0.42274,42.53949529217529,0.10457286884248068,1.2889002182304612,0.5124527156551008,0.022201982904855533,0.027472079465823182,,1.33776,0.0671661,42.12211,0.21813,,,L,rms_gate,,41.7653
1334084,0.13431,39.289462924432954,0.02,-0.7125036384028745,0.08332757484849647,0.08548175205310804,0.006932275665050616,,-0.913942,0.0886807,38.98171,0.19872,,,,dm15_provenance,,38.9433
1334423,0.35888,41.73394652588088,0.056154560264313154,1.0662170571130725,0.2661960419175271,0.03317368402534926,0.013567412765800858,,1.1622,0.0356783,41.40865,0.17519,41.0493,0.168,L,,0.0536,41.3464
1334620,0.1972,40.17752566236533,0.032728006133855646,-0.5245455578373597,0.1526006768306231,0.20376119989232222,0.01193408477389652,,-0.821032,0.19529,39.94861,0.18721,39.5024,0.1259,L,,0.0807,39.8609
1334654,0.30365,42.275817886526596,0.2207939952525022,0.6678488580721584,1.0068635668867005,0.3132095650691391,0.06723077184797065,c,-0.94611,0.22208,42.00282,0.33154,,,,window_empty,,40.9246
1335671,0.5248,42.66175193840134,0.08120683429333587,0.7017801298079567,0.328563695220024,-0.08175974115595563,0.018065410376373624,,0.53583,-0.0798526,42.2756,0.10059,,,L,rms_gate,,42.3263
1336150,0.34905,42.00656301648972,0.08955650826996753,-0.6053348371831158,0.43437702572699705,0.17740032882258083,0.03057754345851672,,-0.858069,0.15585,41.72694,0.25824,,,,dm15_provenance,,41.2759
1336453,0.18579,40.16003390379045,0.02,1.041224862040635,0.06790591477973984,-0.060898114829140426,0.004595753387973752,,1.22437,-0.0469055,39.8538,0.10918,39.9597,0.1382,S,,0.0856,39.7169
1336464,0.38834,41.92311200762255,0.0890460094886373,1.0577190492168524,0.41281680444693547,0.09052336800474431,0.023970596364787416,,1.23424,0.14271,41.67321,0.18763,41.4605,0.1394,S,,0.1293,41.5476
1336687,0.2348,40.589321763165906,0.021227908567448658,0.5139285446956361,0.10718635736141474,0.11609055896209941,0.008272123216198633,,0.50097,0.12473,40.15655,0.22114,40.191,0.1291,S,,0.0741,40.2866
1336975,0.11088,38.478538287700644,0.02,-0.5835350505824737,0.032416939837194306,0.0005644584871190572,0.0034415084707750984,,-0.687441,0.00361432,38.25468,0.10371,38.0049,0.1253,S,,0.0146,38.494
1337687,0.32917,41.46724890618222,0.023662148246861286,0.929892152184995,0.11763642305964497,-0.10012412251827063,0.006995246156945759,,1.09671,-0.0925713,41.13399,0.12028,41.0677,0.1263,L,,0.1471,41.1276
1339392,0.18191,39.733230440826986,0.02,-0.8963388696800614,0.05816117882108571,-0.03719154148849435,0.003944005626689093,,-1.16975,-0.0338924,39.3871,0.09708,39.2592,0.1213,L,,0.0397,39.666
1343401,0.38397,41.76227088531235,0.07996531063647108,0.9977311541247271,0.545655890817309,-0.04728077173547823,0.016342691474414937,,1.15448,-0.0252022,41.44162,0.15881,,,,too_few_nights,,41.5186
1343871,0.639,43.28189346203483,0.1424664668133144,0.8504636163798711,0.7470954056661965,-0.11014268530189997,0.030826917487965597,,0.64389,-0.18684,42.90786,0.15612,,,,dm15_provenance,,42.8441
1344303,0.09475,38.39996257225116,0.02,-1.0300803997575532,0.12262629368119261,0.17131616653622705,0.00563265160551387,,0.50441,0.19093,38.19696,0.24282,37.7546,0.1458,S,,0.0298,38.1293
1346956,0.334,41.477040720779364,0.047372143007813644,0.3915077298845686,0.2675644724699392,-0.1296714678052957,0.00995072474787805,,1.19581,-0.0676579,41.1466,0.14947,,,,too_few_nights,,41.1644
1368143,0.42463,41.964799591750094,0.047320615639905486,0.8965002045137052,0.260544174003511,0.040991553442009554,0.010330062807897875,,0.82722,0.0519975,41.72135,0.1497,,,L,rms_gate,,41.7768
1368530,0.34336,41.76115043747948,0.0593418235109776,-0.128767757887422,0.32143073489416635,0.03615199996148433,0.016890085734487418,,-0.454523,0.0142396,41.47595,0.16639,41.5907,0.1764,L,,0.0864,41.2343
1371046,0.07411,37.884202548295946,0.02,-0.5585690639134047,0.02210293791662377,0.22874921461201858,0.0024727892059950916,,-0.805749,0.23861,37.60807,0.18104,,,,dm15_provenance,,37.565
1435067,0.39235,41.90657587775461,0.06643315161510913,-1.225548487826714,0.4055267986212539,-0.03686673548760827,0.01556480049854603,,-1.59962,-0.00898704,41.57298,0.15531,,,,dm15_provenance,,41.5738
1479069,0.17353,39.86753032642926,0.02,1.1796041801192487,0.03071653548623556,-0.07235106816785175,0.001971073989478958,,1.48246,-0.0534213,39.59667,0.10068,39.5868,0.1223,L,,0.0781,39.5527
1500031,0.36704,41.88865644287861,0.05041542398411292,0.2640803964209679,0.19658256510695796,-0.026318274791914176,0.012870641595028308,,0.22405,-0.0306452,41.57625,0.14123,41.4178,0.1515,L,,0.1625,41.4036
1502029,0.51921,42.809807496753436,0.11186431152837362,0.9223925187377553,0.49572346597942485,-0.13278934195749048,0.01945259938356606,,0.18751,-0.105931,42.23257,0.12204,42.9264,0.1549,S,,0.1746,42.2984
1504139,0.55708,42.81763399150869,0.03504934310158887,0.7817306897785148,0.12944462802487378,-0.11447218249753055,0.008117313823917331,,0.82039,-0.0915593,42.4424,0.11261,,,L,rms_gate,,42.4827
1530193,0.14893,39.390135223661545,0.02,1.125402326039282,0.019503540892260487,0.06096222312255828,0.0014353758477423264,,1.36907,0.0873241,39.16841,0.16207,,,,dm15_provenance,,39.1878
1574062,0.55144,41.53828437977597,3.4209523018514276,-0.6691749033994041,16.84087226941595,-0.3918521653314702,0.30857044399732586,c,-0.48254,0.0857357,42.76064,0.14285,,,,dm15_provenance,,42.456
1578103,0.16092,39.63810499647717,0.02,-0.5107835204967981,0.07292026556023255,0.15567760612757053,0.007753208100494579,,-0.905189,0.13662,39.39296,0.16618,39.3572,0.127,S,,0.0389,39.3721
1634024,0.5776,44.30821701525642,1.9415955286024895,2.889346589210824,31.290124259750367,-0.39998534641820344,1.2881757409784615,c,-1.42703,-0.00840677,42.7146,0.17032,,,,dm15_provenance,,42.5777
1643063,0.57319,43.46338107148115,0.21439746444991867,0.7336553067123317,0.9714844186769215,-0.1142404701061207,0.06076755061849149,,-0.709446,-0.259534,42.97779,0.19947,,,,dm15_provenance,,42.5575
1703026,0.36491,41.72705078149045,0.08890858907481819,-1.8932575963734322,0.47701099928203583,0.003973564320077283,0.0307328132074344,,-2.61973,-0.0616053,41.52774,0.16558,,,,too_few_nights,,41.3888
1770639,0.17718,40.956491598078664,0.06589583067304174,1.9138342403831867,0.26983331360062546,-0.01203941822714727,0.02069577499092772,,1.35276,-0.0282433,40.67369,0.12344,40.4823,0.1751,S,,0.0351,39.6026
1777122,0.45551,42.56498625590355,0.11833811836878554,0.17433947444771647,0.6652089175542721,-0.15068199230222973,0.02007780548904811,,-1.59237,-0.2192,41.97567,0.18996,41.8049,0.2051,S,,0.1304,41.958
1810306,0.64245,43.15457316498808,0.23596238198519934,-0.3294092182256345,1.1038460124136311,-0.15029349886503607,0.0871714584870733,,0.62673,-0.182076,42.99211,0.16246,43.066,0.2441,S,,0.188,42.8583
1815065,0.13617,39.25290005023593,0.02,-0.9388611365646518,0.06887013493341092,0.08371326680317942,0.00643055491689525,,-1.271,0.11711,38.89598,0.16109,39.0142,0.1482,S,,0.1004,38.9758
1833339,0.13092,39.13402094148813,0.02,-1.031256473733884,0.05612799450018282,0.03055823258867668,0.006468894248653713,,-1.33554,-0.00123053,38.87889,0.10763,38.627,0.1189,L,,0.0172,38.8831
1847148,0.5074,42.785924389331896,0.27349498711305154,2.644208412631057,1.753377014944678,0.03958146014494168,0.062887834659285,,0.51299,-0.123504,42.39994,0.29816,,,,dm15_provenance,,42.2383
1860025,0.23625,40.94080504529664,0.037223836441119026,-0.7198868002756162,0.14716637322824644,-0.08914705286878766,0.013306895837591124,,-0.99687,-0.0968893,40.59127,0.11133,40.5067,0.126,L,,0.0399,40.3017
1862039,0.28792,41.206998972214436,0.062320054991845585,-1.4148927217425618,0.27701296666899655,0.0550333050882732,0.027339447600668358,,-1.84587,0.00911574,41.02013,0.13868,,,,dm15_provenance,,40.7915
1864053,0.09422,38.404617247411615,0.02,-1.9939545599791155,0.0174097059665066,-0.050202635474507484,0.0023560883401001318,,-2.18719,-0.0995519,38.14556,0.10078,,,,dm15_provenance,,38.1163
1871023,0.14883,39.65323882014951,0.03845450536324469,1.4437508060016864,0.11221835370506987,0.03509758607799296,0.011137547637208587,,0.82282,-0.0711387,39.93288,0.19467,,,L,rms_gate,,39.1862
1879187,0.59271,43.104836986426804,0.24883311381012904,3.9999389386282598,0.021606213137870638,0.17272622304408958,0.09210302806476506,x1,-1.36977,0.22953,42.73633,0.19709,,,,dm15_provenance,,42.6456
1879208,0.19515,40.253865536838006,0.02,0.6308932736549107,0.06053448711964221,-0.0446390534645027,0.0037419277254819995,,0.60133,-0.0437931,39.99672,0.08803,,,L,rms_gate,,39.8356
1879649,0.1202,39.84282144422501,0.02,3.1871043474140848,0.07443776845017237,0.31031387402630806,0.005755868070403785,x1,-0.74475,0.22864,39.18096,0.19729,,,R,no_bracket,,38.6826
1891082,0.55,43.155069692707116,0.1506532004068432,2.594741804672278,0.6597116143457898,-0.0433798801949975,0.03489137254843638,,1.21533,-0.024977,42.5505,0.15334,42.4411,0.18,S,,0.0585,42.4491
1900662,0.44894,42.17834031129088,0.0853198635399319,0.7742149847650595,0.42186404370050656,0.08221767781986689,0.0224835458185664,,0.97761,0.12199,41.96821,0.16684,41.8183,0.1442,S,,0.0612,41.9204
1904092,0.36896,41.55221985357218,0.0729233683386262,-0.1904264619362599,0.2787997515534642,0.04663203342790678,0.020290508014143678,,-0.163977,0.0249882,41.40591,0.14892,41.3767,0.143,S,,0.0528,41.4169
1905171,0.30404,41.46599961646171,0.05140352649867741,0.9977120752634434,0.24093299101414067,0.08725630393719941,0.014450578640452391,,0.64915,0.0935743,41.04589,0.21489,41.2035,0.1529,L,,0.1368,40.9278
1922067,0.1987,40.16792400290919,0.02,1.5201827478528003,0.07307297811970043,-0.04211849792698713,0.003537870774967374,,1.48558,-0.0347251,39.8289,0.11079,39.7879,0.1373,S,,0.1172,39.8793
1927242,0.24666,40.90030135786324,0.048756308880598696,-2.3811104626495765,0.1841137026882305,0.001996245650099815,0.01633213891982017,,-2.6695,-0.0732246,40.75279,0.13371,,,,dm15_provenance,,40.4078
1929063,0.223,40.42774509106609,0.033084125421711984,-0.8622451508090796,0.2145762997489264,0.06308114772510542,0.014971051501593793,,-0.410877,0.0785298,40.1587,0.20142,39.2469,0.1399,S,,0.0627,40.1602
1948484,0.34545,41.43379591840363,0.04859649496098589,-2.2090667225542555,0.2973580811605869,-0.06408917254789814,0.014447204464513889,,-2.67489,-0.105785,41.09129,0.18078,,,,dm15_provenance,,41.2497
